-- MySQL dump 10.13  Distrib 5.7.9, for osx10.9 (x86_64)
--
-- Host: 127.0.0.1    Database: ForumDatabase
-- ------------------------------------------------------
-- Server version	5.7.11

/*!40101 SET @OLD_CHARACTER_SET_CLIENT=@@CHARACTER_SET_CLIENT */;
/*!40101 SET @OLD_CHARACTER_SET_RESULTS=@@CHARACTER_SET_RESULTS */;
/*!40101 SET @OLD_COLLATION_CONNECTION=@@COLLATION_CONNECTION */;
/*!40101 SET NAMES utf8 */;
/*!40103 SET @OLD_TIME_ZONE=@@TIME_ZONE */;
/*!40103 SET TIME_ZONE='+00:00' */;
/*!40014 SET @OLD_UNIQUE_CHECKS=@@UNIQUE_CHECKS, UNIQUE_CHECKS=0 */;
/*!40014 SET @OLD_FOREIGN_KEY_CHECKS=@@FOREIGN_KEY_CHECKS, FOREIGN_KEY_CHECKS=0 */;
/*!40101 SET @OLD_SQL_MODE=@@SQL_MODE, SQL_MODE='NO_AUTO_VALUE_ON_ZERO' */;
/*!40111 SET @OLD_SQL_NOTES=@@SQL_NOTES, SQL_NOTES=0 */;

--
-- Dumping data for table `Topic`
--

LOCK TABLES `Topic` WRITE;
/*!40000 ALTER TABLE `Topic` DISABLE KEYS */;
INSERT INTO `Topic` VALUES (1,'测试主题贴','2016-05-28 08:42:02',1,'这是一个测试主题贴',221300201,NULL,'Study'),(2,'软件工程论坛内部测试正式开始','2016-05-30 21:58:39',1,'软件工程论坛通知贴',221300201,NULL,'Notification'),(3,'软件工程论坛内部测试正式开始','2016-05-31 10:26:33',1,'软件工程论坛通知贴',221300201,NULL,'Notification'),(4,'本次更新共计修改BUGXXXX个','2016-06-04 15:31:09',1,'软件工程论坛BUG修补统计',221300202,NULL,'Notification'),(5,'本次更新共计修改BUGXXXX个','2016-06-04 15:32:30',1,'软件工程论坛BUG修补统计',221300202,NULL,'Notification'),(6,'第十周开发日志','2016-06-07 14:43:11',1,' 软件工程论坛开发第10周',221300209,NULL,'Study'),(7,'第十周开发日志','2016-06-07 14:43:27',1,' 软件工程论坛开发第10周',221300209,NULL,'Study'),(8,'<p>考试周考试辣么多，怎么复习</p>','2016-06-17 19:02:35',0,'期末考试周开始',221300201,NULL,'Study'),(9,'<p><img src=\"/uoload/image//Users/Feng/Documents/SE3Form/Images/upload/20160617/1466162037994096634.jpg\" title=\"1466162037994096634.jpg\" alt=\"50486bb306ff62516f0001fc~2.jpg\"/></p><p>宝宝有点方</p>','2016-06-17 19:14:07',0,'写不完的代码，考不完的试',221300201,NULL,'Study'),(10,'<p><img src=\"http://img.baidu.com/hi/jx2/j_0015.gif\"/>怎么破，一堆考试全部不会</p>','2016-06-17 19:16:41',0,'考试了，可是都不会啊',221300210,NULL,'Study'),(11,'<p><img src=\"/uoload/image//Users/Feng/Documents/SE3Form/Images/upload/20160617/1466162037994096634.jpg\" title=\"1466162037994096634.jpg\" alt=\"50486bb306ff62516f0001fc~2.jpg\"/></p><p>宝宝有点方</p>','2016-06-17 19:19:22',0,'写不完的代码，考不完的试',221300109,NULL,'Study'),(12,'<p><img src=\"http://img.baidu.com/hi/jx2/j_0025.gif\"/>heheda</p>','2016-06-17 19:20:52',0,'heheda',221300109,NULL,'Study'),(13,'<p><img src=\"http://img.baidu.com/hi/jx2/j_0025.gif\"/></p>','2016-06-17 19:23:14',0,'我们都是全能战士',221300201,NULL,'Study'),(14,'<p><img src=\"http://localhost:8080/ueditor/dialogs/attachment/fileTypeImages/icon_doc.gif\"/><a href=\"/upload/file//upload/file/20160617/1466163209353000124.doc\" title=\"221300201_蔡宏锋_第3次.doc\">221300201_蔡宏锋_第3次.doc</a></p><p><br/></p>','2016-06-17 19:33:32',0,'编译原理考卷',221300201,NULL,'Study'),(15,NULL,'2016-06-17 19:54:19',0,'这还是一个测试贴',221300201,NULL,'Study'),(16,'<p>我就不信不成功</p><p><img src=\"http://localhost:8080/ueditor/dialogs/attachment/fileTypeImages/icon_doc.gif\"/><a href=\"/软件工程论坛//ueditor/jsp/upload/image/20160617/1466164504518033767.doc\" title=\"221300201_蔡宏锋_第5次.doc\">221300201_蔡宏锋_第5次.doc</a></p><p><br/></p>','2016-06-17 19:55:09',0,'这tmd还是测试',221300201,NULL,'Study'),(17,'<p>代码不止，测试不止</p><p><img src=\"http://localhost:8080/ueditor/dialogs/attachment/fileTypeImages/icon_doc.gif\"/><a href=\"/ueditor/jsp/upload/image/20160617/1466164844900046154.doc\" title=\"221300201_蔡宏锋_第4次.doc\">221300201_蔡宏锋_第4次.doc</a></p><p><br/></p>','2016-06-17 20:00:47',0,'testing testing',221300201,NULL,'Study'),(18,'<p><img src=\"http://localhost:8080/ueditor/dialogs/attachment/fileTypeImages/icon_jpg.gif\"/><a href=\"/ueditor/jsp/upload/image/20160617/1466165241140022522.png\" title=\"IMG_0095.png\">IMG_0095.png</a></p><p><br/></p>','2016-06-17 20:07:24',0,'绝望的测试不知道第几波',221300201,NULL,'Study'),(19,'<p><img src=\"http://localhost:8080/ueditor/dialogs/attachment/fileTypeImages/icon_doc.gif\"/><a href=\"/ueditor/jsp/upload/image/20160617/1466165360723000360.doc\" title=\"221300208_桂传圣_第5次.doc\">221300208_桂传圣_第5次.doc</a></p><p><br/></p>','2016-06-17 20:09:24',0,'测试要结束了',221300201,NULL,'Study'),(20,NULL,'2016-06-17 20:26:23',0,'',221300201,NULL,'Study'),(21,'<p><img src=\"http://img.baidu.com/hi/jx2/j_0016.gif\"/></p>','2016-06-17 20:47:17',0,'服务器故障抢修完成',221300201,NULL,'Study'),(22,'<p>坑爹的编译原理<img src=\"/ueditor/jsp/upload/image/20160618/1466249229157040346.png\" title=\"1466249229157040346.png\" alt=\"menu.png\"/></p>','2016-06-18 19:27:11.351',0,'编译原理好坑爹',221300308,NULL,'Study'),(23,'<p><img width=\"530\" height=\"340\" src=\"http://api.map.baidu.com/staticimage?center=116.404,39.915&zoom=10&width=530&height=340&markers=116.404,39.915\"/></p>','2016-06-18 19:32:36.159',0,'考试月还这样，我心已死',221300201,NULL,'Study'),(24,NULL,'2016-06-18 19:45:41.22',0,'灌水区第一贴',221300201,NULL,'Freezone'),(25,NULL,'2016-06-18 19:49:49.449',0,'日了动物园了',221300201,NULL,'Freezone'),(26,'<p>灌水区出现bug，工程师们努力啊<img src=\"http://img.baidu.com/hi/jx2/j_0003.gif\"/></p>','2016-06-18 19:50:52.388',0,'又出bug了',221300201,NULL,'Study'),(27,'<p style=\"line-height: 16px;\"><img src=\"http://localhost:8080/ueditor/dialogs/attachment/fileTypeImages/icon_doc.gif\"/><a style=\"font-size:12px; color:#0066cc;\" href=\"/ueditor/jsp/upload/file/20160618/1466255466110015563.doc\" title=\"221300201_蔡宏锋_第2次.doc\">221300201_蔡宏锋_第2次.doc</a></p><p><br/></p>','2016-06-18 21:11:15.595',0,'字符超出255',221300201,NULL,'Study'),(28,'<p>灌水区正式开通大家随意<br/></p>','2016-06-18 21:44:22.25',0,'灌水区发布',221300201,NULL,'Freezone'),(29,'<p>灌水区规则</p><p>禁黄！禁毒！禁赌！一切不正当言论一律封杀！<img src=\"http://img.baidu.com/hi/jx2/j_0035.gif\"/></p>','2016-06-19 17:15:02.864',0,'灌水区规则',221300201,NULL,'Freezone'),(30,'<p>testing testing&nbsp;<br/></p>','2016-06-19 17:20:46.02',0,'Freezone testing versionX',221300201,NULL,'Freezone'),(31,'<p>haizaiceshi&nbsp;</p>','2016-06-19 17:27:34.44',0,'still test',221300201,NULL,'Freezone'),(32,'<p>haizaiceshi&nbsp;</p>','2016-06-19 17:30:13.311',0,'still test',221300201,NULL,'Freezone'),(33,'<p>testingtesting&nbsp;<img src=\"http://img.baidu.com/hi/jx2/j_0069.gif\"/></p>','2016-06-19 21:08:08.412',0,'testing ',221300201,NULL,'Study');
/*!40000 ALTER TABLE `Topic` ENABLE KEYS */;
UNLOCK TABLES;

--
-- Dumping data for table `Topic_image`
--

LOCK TABLES `Topic_image` WRITE;
/*!40000 ALTER TABLE `Topic_image` DISABLE KEYS */;
/*!40000 ALTER TABLE `Topic_image` ENABLE KEYS */;
UNLOCK TABLES;

--
-- Dumping data for table `Topic_post`
--

LOCK TABLES `Topic_post` WRITE;
/*!40000 ALTER TABLE `Topic_post` DISABLE KEYS */;
/*!40000 ALTER TABLE `Topic_post` ENABLE KEYS */;
UNLOCK TABLES;

--
-- Dumping data for table `Topic_uploadFile`
--

LOCK TABLES `Topic_uploadFile` WRITE;
/*!40000 ALTER TABLE `Topic_uploadFile` DISABLE KEYS */;
/*!40000 ALTER TABLE `Topic_uploadFile` ENABLE KEYS */;
UNLOCK TABLES;

--
-- Dumping data for table `User`
--

LOCK TABLES `User` WRITE;
/*!40000 ALTER TABLE `User` DISABLE KEYS */;
INSERT INTO `User` VALUES (221300101,221300101),(221300102,221300102),(221300103,221300103),(221300104,221300104),(221300105,221300105),(221300106,221300106),(221300107,221300107),(221300108,221300108),(221300109,221300109),(221300110,221300110),(221300111,221300111),(221300112,221300112),(221300113,221300113),(221300114,221300114),(221300115,221300115),(221300116,221300116),(221300117,221300117),(221300118,221300118),(221300119,221300119),(221300120,221300120),(221300121,221300121),(221300122,221300122),(221300123,221300123),(221300124,221300124),(221300125,221300125),(221300126,221300126),(221300127,221300127),(221300128,221300128),(221300129,221300129),(221300130,221300130),(221300131,221300131),(221300132,221300132),(221300133,221300133),(221300134,221300134),(221300135,221300135),(221300136,221300136),(221300137,221300137),(221300138,221300138),(221300201,221300201),(221300202,221300202),(221300203,221300203),(221300204,221300204),(221300205,221300205),(221300206,221300206),(221300207,221300207),(221300208,221300208),(221300209,221300209),(221300210,221300210),(221300211,221300211),(221300212,221300212),(221300213,221300213),(221300214,221300214),(221300215,221300215),(221300216,221300216),(221300217,221300217),(221300218,221300218),(221300219,221300219),(221300220,221300220),(221300221,221300221),(221300222,221300222),(221300223,221300223),(221300224,221300224),(221300225,221300225),(221300226,221300226),(221300229,221300229),(221300230,221300230),(221300231,221300231),(221300232,221300232),(221300233,221300233),(221300234,221300234),(221300235,221300235),(221300236,221300236),(221300237,221300237),(221300238,221300238),(221300301,221300301),(221300302,221300302),(221300303,221300303),(221300304,221300304),(221300305,221300305),(221300306,221300306),(221300307,221300307),(221300308,221300308),(221300309,221300309),(221300310,221300310),(221300311,221300311),(221300312,221300312),(221300313,221300313),(221300314,221300314),(221300315,221300315),(221300316,221300316),(221300317,221300317),(221300318,221300318),(221300319,221300319),(221300320,221300320),(221300321,221300321),(221300322,221300322),(221300323,221300323),(221300324,221300324),(221300325,221300325),(221300326,221300326),(221300327,221300327),(221300328,221300328),(221300329,221300329),(221300330,221300330),(221300331,221300331),(221300332,221300332),(221300333,221300333),(221300334,221300334),(221300335,221300335),(221300336,221300336),(221300337,221300337),(221300338,221300338),(221300401,221300401),(221300402,221300402),(221300403,221300403),(221300404,221300404),(221300405,221300405),(221300406,221300406),(221300407,221300407),(221300408,221300408),(221300409,221300409),(221300410,221300410),(221300411,221300411),(221300412,221300412),(221300413,221300413),(221300414,221300414),(221300415,221300415),(221300416,221300416),(221300417,221300417),(221300418,221300418),(221300419,221300419),(221300420,221300420),(221300421,221300421),(221300422,221300422),(221300423,221300423),(221300424,221300424),(221300425,221300425),(221300426,221300426),(221300427,221300427),(221300428,221300428),(221300429,221300429),(221300430,221300430),(221300431,221300431),(221300432,221300432),(221300433,221300433),(221300434,221300434),(221300435,221300435),(221300436,221300436),(221300437,221300437),(221300438,221300438),(221300439,221300439);
/*!40000 ALTER TABLE `User` ENABLE KEYS */;
UNLOCK TABLES;

--
-- Dumping data for table `UserCount`
--

LOCK TABLES `UserCount` WRITE;
/*!40000 ALTER TABLE `UserCount` DISABLE KEYS */;
INSERT INTO `UserCount` VALUES (221300101,NULL,NULL,'15659438170',NULL,NULL,NULL,'陈福',NULL,'123456','763707589','SAHIoPhcSHNJhXthSmyZtVUPAjysUwAk','男','Student',NULL),(221300102,NULL,NULL,'18649755216',NULL,NULL,NULL,'陈镜冰',NULL,'123456','771919837','wZVbsUcmHhoGSCPVAGcOvpEeLFSIxzka','男','Student',NULL),(221300103,NULL,NULL,'18150265106',NULL,NULL,NULL,'陈明焰',NULL,'123456','1090981864','yUXGNDDXNIrafaxeZszdiacCZgYetWtN','男','Student',NULL),(221300104,NULL,NULL,'18650481862',NULL,NULL,NULL,'陈庆笑',NULL,'123456','275181715','NTFRYxuErpNCdmfYyDQGHzbCtYudfOst','男','Student',NULL),(221300105,NULL,NULL,'15659371480',NULL,NULL,NULL,'陈云春',NULL,'123456','597318121','NQSEbbSLhwddZTwYdwOppSygKcLUegHP','男','Student',NULL),(221300106,NULL,NULL,'18650479882',NULL,NULL,NULL,'陈长宝',NULL,'123456','331280680','AbOSOhnEZGwJAutqKUNQOQplTGfAuuIM','男','Student',NULL),(221300107,NULL,NULL,'18649719612',NULL,NULL,NULL,'江新声',NULL,'123456','229860164','OHzGMshWoDJxUFpQeCMnwIYZDvruxvZd','男','Student',NULL),(221300108,NULL,NULL,'15880430416',NULL,NULL,NULL,'雷林',NULL,'123456','798300945','CxPlndvlCCoqKluQKmoKenOIrIWmCoCk','男','Student',NULL),(221300109,NULL,NULL,'18559940174',NULL,NULL,'2016-06-17 19:19:43','李文锋',NULL,'123456','429533969','erRuqvOjrnKXFhGfzaEgzMolDyTyIzMW','男','Student',NULL),(221300110,NULL,NULL,'18650470405',NULL,NULL,NULL,'林赓',NULL,'123456','451365226','tupjteCAyzqNlzzEtBTNdVxRCimjcIkd','男','Student',NULL),(221300111,NULL,NULL,'15059134103',NULL,NULL,NULL,'林海兰',NULL,'123456','1179197889','aNAuJHZWxOcaFKuhJGFhJTbnVzITPPme','男','Student',NULL),(221300112,NULL,NULL,'18695709329',NULL,NULL,NULL,'林敏峰',NULL,'123456','645802038','BUVyrewrrplkXAXAwXrkzturFPDNBPkb','男','Student',NULL),(221300113,NULL,NULL,'13626908816',NULL,NULL,NULL,'林庆雄',NULL,'123456','609789165','eiRxPlunZTeMDPZYoSyxjpoHnZmTYsIF','男','Student',NULL),(221300114,NULL,NULL,'18359147407',NULL,NULL,NULL,'林智斌',NULL,'123456','851922529','vqadcuwLEbschLljwcLVwkLglDmIVhuh','男','Student',NULL),(221300115,NULL,NULL,'15659437096',NULL,NULL,NULL,'苏鹏程',NULL,'123456','847195284','LyfhbeWNWxHoEPoqtnDjYVslgiUnYzFY','男','Student',NULL),(221300116,NULL,NULL,'18649756117',NULL,NULL,NULL,'孙元臻',NULL,'123456','2490828575','eKCTtkQjzfpfoTXTeoCsmEXbKHUiuviL','男','Student',NULL),(221300117,NULL,NULL,'18649755889',NULL,NULL,NULL,'汪昱',NULL,'123456','1542027372','dCMRPLiSpATjWwgshhPLaADfHNnnWvCe','男','Student',NULL),(221300118,NULL,NULL,'18649756882',NULL,NULL,NULL,'王航斌',NULL,'123456','709685259','VqEQRPrGBCJfuxkzEhtKKLyvWxvqvtLX','男','Student',NULL),(221300119,NULL,NULL,'18850149562',NULL,NULL,NULL,'韦阿威',NULL,'123456','2516341237','wtLtvOwuLKccahlIduKGStjyYzImRHhd','男','Student',NULL),(221300120,NULL,NULL,'15859134953',NULL,NULL,NULL,'翁秉钧',NULL,'123456','1105978003','SJaFFFafUOoTzWPHGmaxcyXQFTpwcMJc','男','Student',NULL),(221300121,NULL,NULL,'15659439190',NULL,NULL,NULL,'许妙星',NULL,'123456','284110487','JdAmDsWWOONofMAgxdxlWLZnByzzYCyj','男','Student',NULL),(221300122,NULL,NULL,'18649755431',NULL,NULL,NULL,'杨晨龙',NULL,'123456','834284679','XMEdwobHTOgpcjhDnBnPxMnTqBuNffAS','男','Student',NULL),(221300123,NULL,NULL,'18850100064',NULL,NULL,NULL,'杨春贵',NULL,'123456','1370067315','gNsAkPTMFfbnYVwbvVRXlpKcYoeCKspQ','男','Student',NULL),(221300124,NULL,NULL,'18537023520',NULL,NULL,NULL,'张亚振',NULL,'123456','807050285','mwIEjYrFBPAcLbHlEsiXGdmtmlQMVHyw','男','Student',NULL),(221300125,NULL,NULL,'13696857385',NULL,NULL,NULL,'赵琦',NULL,'123456','734038404','WyBFfHMzhIbLqRkSUaJQNRPNHNlzUNQq','男','Student',NULL),(221300126,NULL,NULL,'15659430415',NULL,NULL,NULL,'曾祥鑫',NULL,'123456','785014829','cSTQyEQHbgpoLpZFHgWLKGpyWLUGCIQC','男','Student',NULL),(221300127,NULL,NULL,'13605946529',NULL,NULL,NULL,'郑钧奕',NULL,'123456','540103779','LiEtRTrxFDriwCuZFCQdhQZyhrEEFZfc','男','Student',NULL),(221300128,NULL,NULL,'13799852801',NULL,NULL,NULL,'周瑞发',NULL,'123456','1031992622','FbnvKhQuzACbBuRbUtrgShRGLCNEJzPo','男','Student',NULL),(221300129,NULL,NULL,'15080093513',NULL,NULL,NULL,'庄世杰',NULL,'123456','2942265521','oJNBzepNMLBPBUxDAZETYvOHpYaBrEOU','男','Student',NULL),(221300130,NULL,NULL,'18649756551',NULL,NULL,NULL,'贺佳敏',NULL,'123456','455504016','BiJLoqWYZsYWfzUiUJUixeaJKqPCJGSp','女','Student',NULL),(221300131,NULL,NULL,'13805902893',NULL,NULL,NULL,'黄静颖',NULL,'123456','1241723566','UHbyWtguyqaHJhbLmcTfZmMQNXVUaGMt','女','Student',NULL),(221300132,NULL,NULL,'18650349496',NULL,NULL,NULL,'李秀秀',NULL,'123456','1659518714','ZYmEKhPRbQSTrSmTCtsflilLFmhrTrHO','女','Student',NULL),(221300133,NULL,NULL,'13959156971',NULL,NULL,NULL,'林舒曼',NULL,'123456','423842682','CbGYWGdKYMnusRsulmgDzcnicrQoxeBS','女','Student',NULL),(221300134,NULL,NULL,'15659134890',NULL,NULL,NULL,'宋燕军',NULL,'123456','1394873906','RGwtNXdfAmGzWXsTbtGkEdetRFrHFNMs','女','Student',NULL),(221300135,NULL,NULL,'15659134770',NULL,NULL,NULL,'吴丹丽',NULL,'123456','649124295','eaxxoqdSQXPEQhJdgxlFyEZTEYoFRODG','女','Student',NULL),(221300136,NULL,NULL,'15659134880',NULL,NULL,NULL,'杨玲玲',NULL,'123456','673597927','flksXdexDCqYREirttpyQbCbfIgDUEyK','女','Student',NULL),(221300137,NULL,NULL,'15659133419',NULL,NULL,NULL,'朱婉灵',NULL,'123456','948953007','UHNuWUaNXgBAfRuUQdrfNcQpcmQNNWps','女','Student',NULL),(221300138,NULL,NULL,'13107695503',NULL,NULL,NULL,'林月辉',NULL,'123456','778020659','fBtbogZWqFNbFVxPFttBlwlYNqipVcvu','男','Student',NULL),(221300201,'福建省福州市闽侯县上街镇福州大学博学苑32＃616','1994-10-01','13110518698','hf941@qq.com','psd.jpg','2016-06-19 19:02:06.524','蔡宏锋','福建莆田','123456','1004379009','tgnjlHZZAkQkqEHSqUguYeURTtBzDDTl','male','Student',NULL),(221300202,NULL,NULL,'15659156145',NULL,NULL,'2016-06-19 19:28:13.725','蔡佳健',NULL,'123456','116420819','WfHCWQEhPQqQELmtApvkSKSqkGRRZdDk','男','Student',NULL),(221300203,NULL,NULL,'18850149737',NULL,NULL,'2016-06-05 11:48:11','陈彪',NULL,'123456','744505657','ADzClozeVujOqVzQpupCaCKHKOcdzLKR','男','Student',NULL),(221300204,NULL,NULL,'15659433759',NULL,NULL,NULL,'陈明星',NULL,'123456','974376002','GnwihWqVibSigTyHGkwttNMEBYpWCixF','男','Student',NULL),(221300205,NULL,NULL,'13788858926',NULL,NULL,'2016-06-05 12:28:01','陈泽龙',NULL,'123456','463820977','MBpxnjcTplmSmfQpxvPyhBGfPrBNJpkj','男','Student',NULL),(221300206,NULL,NULL,'18650488812',NULL,NULL,NULL,'陈志伟',NULL,'123456','778960245','GtkjHEktEnXgvjWopiqkLLAoLmaCSpWg','男','Student',NULL),(221300207,NULL,NULL,'18649719507',NULL,NULL,NULL,'陈仲煌',NULL,'123456','470393389','HkuVkFaDyDgnBvMhTYItUGRarmCPfkUY','男','Student',NULL),(221300208,NULL,NULL,'18650388146',NULL,NULL,NULL,'桂传圣',NULL,'123456','1066116202','qWzCTreZnhjIWmbtdWVGlNLxebXvHLZq','男','Student',NULL),(221300209,NULL,NULL,'13107969900',NULL,NULL,'2016-06-18 19:30:56.395','黄国杰',NULL,'123456','876299722','SKUWrjZMRQTacNmFaFYTNzaeYdgLyQQD','男','Student',NULL),(221300210,NULL,NULL,'15609436510',NULL,NULL,NULL,'解哲',NULL,'123456','465670120','rxRTkfAFDYJjQEujYQHpCsvwJaurwdDl','男','Student',NULL),(221300211,NULL,NULL,'15659430808',NULL,NULL,NULL,'乐艺泽',NULL,'123456','343880696','PFuGHDFzMjUeZYehqSKJodjCMbJIPrkG','男','Student',NULL),(221300212,NULL,NULL,'13696810332',NULL,NULL,NULL,'林刚',NULL,'123456','839350821','GTJGgMqptokSqiPAdJtJvIwpIyDMOGiP','男','Student',NULL),(221300213,NULL,NULL,'13489909244',NULL,NULL,NULL,'林克强',NULL,'123456','839963778','eFokDxmBqHoMyBJclJkAwdwKLcBlbOIB','男','Student',NULL),(221300214,NULL,NULL,'15659439351',NULL,NULL,NULL,'林鑫铭',NULL,'123456','410648955','mjrhVPUHaIepFfLkHCUbqMufBcuZuRxv','男','Student',NULL),(221300215,NULL,NULL,'15659738727',NULL,NULL,NULL,'林志恒',NULL,'123456','632745749','ALWHqHYRhGzZxPUVODNjenCfEXxrsLme','男','Student',NULL),(221300216,NULL,NULL,'15659142313',NULL,NULL,NULL,'潘名扬',NULL,'123456','458310389','aOctoYxIlLLkxkWRAUvAqjLUuPxwbcNd','男','Student',NULL),(221300217,NULL,NULL,'15605084070',NULL,NULL,NULL,'潘志雄',NULL,'123456','1050098245','HXgyBTQNxotLtLjYzGdNykyaPtIcDKoW','男','Student',NULL),(221300218,NULL,NULL,'18649715731',NULL,NULL,NULL,'邵前明',NULL,'123456','735042473','qqKnBnPvqiiCCpmjLgKllvzMrtYUCCGC','男','Student',NULL),(221300219,NULL,NULL,'18649755391',NULL,NULL,NULL,'沈辉辉',NULL,'123456','337873550','BvCAePatmjQtKHIXugUfXgsWzHuWUzHK','男','Student',NULL),(221300220,NULL,NULL,'18649756090',NULL,NULL,NULL,'史天永',NULL,'123456','576692510','TyzmCQFxOtfjibthpqTPmpBYaSNfqGIp','男','Student',NULL),(221300221,NULL,NULL,'15280156268',NULL,NULL,NULL,'檀灵潇',NULL,'123456','1025934610','MEfPdUGiBpNaSBpnakaoSvIaloWfYLRd','男','Student',NULL),(221300222,NULL,NULL,'18650332401',NULL,NULL,NULL,'王金磊',NULL,'123456','2293538623','JBcGXYqqlnCwNAMTMXaAfpHXhWOCqjTh','男','Student',NULL),(221300223,NULL,NULL,'18649755168',NULL,NULL,NULL,'王克',NULL,'123456','906289098','zZTFMfldEQoSvLfbpNtnCLPvqMRJxjNw','男','Student',NULL),(221300224,NULL,NULL,'15659430867',NULL,NULL,NULL,'徐得胜',NULL,'123456','1979528596','fyQGLMcEtuSxVGZDydRtbSodQxvITPKJ','男','Student',NULL),(221300225,NULL,NULL,'18650470954',NULL,NULL,'2016-06-07 15:32:18','徐志彬',NULL,'123456','2017852261','aCAePfLncgGydxJvMziQbjaFTkYiAkVx','男','Student',NULL),(221300226,NULL,NULL,'18850149568',NULL,NULL,NULL,'许振东',NULL,'123456','839638952','aolIfWOTnNGHbLrWkNHGzYhwzDWhQzHZ','男','Student',NULL),(221300229,NULL,NULL,'15280407599',NULL,NULL,NULL,'何淑玲',NULL,'123456','758621289','AgBmVQWnvyRyIicraTCDuXLKPyOvODRr','女','Student',NULL),(221300230,NULL,NULL,'18649721126',NULL,NULL,NULL,'康文慧',NULL,'123456','2990871375','VcQWIHUgHnCjqRFQEienLboiZaGfLFKB','女','Student',NULL),(221300231,NULL,NULL,'15659149265',NULL,NULL,NULL,'林小玲',NULL,'123456','429227721','UQwyzrTjrPGzlvcIsaDDaiGcjDySPzif','女','Student',NULL),(221300232,NULL,NULL,'15859400455',NULL,NULL,NULL,'杨健',NULL,'123456','596575042','egfiwJlDdSGVrYJDQQVOFTLLoFgyDOKd','女','Student',NULL),(221300233,NULL,NULL,'13696859362',NULL,NULL,NULL,'杨彦',NULL,'123456','1049848110','LmGcqTdCFYwMjbSqkpPFWozMbWzPafmU','女','Student',NULL),(221300234,NULL,NULL,'18650348492',NULL,NULL,NULL,'应含笑',NULL,'123456','328006183','cIgkAByAXjvmNEyIhaZUPZpvScsuYhbk','女','Student',NULL),(221300235,NULL,NULL,'13509340867',NULL,NULL,NULL,'张海萍',NULL,'123456','1985794900','NuPKxfyZnLhYOHjVjyYOSrFiNbpqHihP','女','Student',NULL),(221300236,NULL,NULL,'18649755187',NULL,NULL,NULL,'张艺娜',NULL,'123456','982477963','WsZcQLEWCPaetgHntTUZVpwEKqJSMvkg','女','Student',NULL),(221300237,NULL,NULL,'18650498792',NULL,NULL,NULL,'郑婷婷',NULL,'123456','690963559','KmCYfgVkiFCPrJwSnYSLmNAAGeWvRSyS','女','Student',NULL),(221300238,NULL,NULL,'13675038134',NULL,NULL,NULL,'陈道星',NULL,'123456','1187111726','qmfbdkDEFYrRUFIIALuUEQfpOsMgaIvB','男','Student',NULL),(221300301,NULL,NULL,'736709050',NULL,NULL,NULL,'蔡学会',NULL,'123456','15659430280','BzfGSLlVwjlrtRhyMQSEFZGtulfyplrb','男','Student',NULL),(221300302,NULL,NULL,'904378623  ',NULL,NULL,NULL,'陈坚伟',NULL,'123456','18650491545','wwkCzoNZSJaJBXuYWkaAKxPpRdHeJKBg','男','Student',NULL),(221300303,NULL,NULL,'850400457',NULL,NULL,NULL,'陈剑斌',NULL,'123456','18650384975','xiGtLXtyTWnRFTIUskwoAFlmuJqoJqeC','男','Student',NULL),(221300304,NULL,NULL,'785245941',NULL,NULL,NULL,'陈俊城',NULL,'123456','18650345140','VHJvyUnnOvVCyUfgSjaBSLgYishNkDqv','男','Student',NULL),(221300305,NULL,NULL,'596157331',NULL,NULL,NULL,'陈庆潘',NULL,'123456','18649719526','gFtVarPcWwmQAljgYGWVyPnoMmFKpcph','男','Student',NULL),(221300306,NULL,NULL,'767394043',NULL,NULL,NULL,'陈伟',NULL,'123456','15659126036','CKMtocmayHSEExZQSSgZxpqppwyYCHhb','男','Student',NULL),(221300307,NULL,NULL,'339717661',NULL,NULL,NULL,'陈招欢',NULL,'123456','13705928227','akhuSTHVlwegFkGkbxLWUAINwOVFlzft','男','Student',NULL),(221300308,NULL,NULL,'530131760',NULL,NULL,'2016-06-18 19:28:47.764','郭逸飞',NULL,'123456','18650464852','oYfDbZfIzOgsQPeIjhfQPhAGIwKsjnYK','男','Student',NULL),(221300309,NULL,NULL,'624740937',NULL,NULL,NULL,'黄腾达',NULL,'123456','18659636568','tZKYaWkZJPOXdMrdWRdBSvMTrQiWhJfU','男','Student',NULL),(221300310,NULL,NULL,'2603785253',NULL,NULL,NULL,'李昊鹏',NULL,'123456','18650467630','XGswCPUXtNClqNryIbmtqaQNnxsXAhvC','男','Student',NULL),(221300311,NULL,NULL,'327360701',NULL,NULL,NULL,'林鹏程',NULL,'123456','18659304636','ZOEPGnhgJybmbEHhtRzJGSfpCwaqbjOn','男','Student',NULL),(221300312,NULL,NULL,'285013854',NULL,NULL,NULL,'林洋洋',NULL,'123456','18650744776','biMxneeUPElkwbdwOuIWzykuBmnRYGMx','男','Student',NULL),(221300313,NULL,NULL,'1060084430',NULL,NULL,NULL,'林渊腾',NULL,'123456','15659430523','XfYOagEoPMwjfWYsokbzSGYVOObarIfq','男','Student',NULL),(221300314,NULL,NULL,'762000518',NULL,NULL,NULL,'刘方辰',NULL,'123456','18649751126','armrswhuDJnTnXLrDFSGbWWHAEnKGkiP','男','Student',NULL),(221300315,NULL,NULL,'929853209',NULL,NULL,NULL,'路奇东',NULL,'123456','15659435392','gZEpKbOnqreLdnMBPWbRgOIYDaVTUjwz','男','Student',NULL),(221300316,NULL,NULL,'772081080',NULL,NULL,NULL,'马天宝',NULL,'123456','18850149387','QpvwrQbUOLAEiRReiZbyvbXwgjfZrXZW','男','Student',NULL),(221300317,NULL,NULL,'544833434',NULL,NULL,NULL,'欧艺勇',NULL,'123456','18650458467','xQzpkaeXDloEgFmdkqLvhwCIDJladKGU','男','Student',NULL),(221300318,NULL,NULL,'1225868886',NULL,NULL,NULL,'施世豪',NULL,'123456','15906095151','MJnLSntKsYPLSdtVcYkjMbbnzxDLxzra','男','Student',NULL),(221300319,NULL,NULL,'405502151',NULL,NULL,NULL,'苏志棠',NULL,'123456','18649751142','FfDcYdmDRyjPZQjDgWILwoutnpbihiKr','男','Student',NULL),(221300320,NULL,NULL,'814805625',NULL,NULL,NULL,'王维佳',NULL,'123456','18649754089','ZNTnGywEiIUpvWqfeiMTvESyUSSKTysH','男','Student',NULL),(221300321,NULL,NULL,'514442677',NULL,NULL,NULL,'王一丞',NULL,'123456','18649715197','kxUPWKDxOVEdtNAIRrbUJwsTjuRYpAAY','男','Student',NULL),(221300322,NULL,NULL,'980772291',NULL,NULL,NULL,'吴晨瑞',NULL,'123456','18649756605','gvWcRpOyZJiJIYsJpUQkiQkmuAuMcBdm','男','Student',NULL),(221300323,NULL,NULL,'527510587',NULL,NULL,NULL,'吴良军',NULL,'123456','15059332248','jXzHqyGAQUOIbSAQlITzbFnnlYzexYyc','男','Student',NULL),(221300324,NULL,NULL,'995062975',NULL,NULL,NULL,'许浩池',NULL,'123456','18859198090','gSlbIcOQsBChHHEOcbLxBBREHEBOGIkV','男','Student',NULL),(221300325,NULL,NULL,'949193779',NULL,NULL,NULL,'许京伦',NULL,'123456','18649756142','FrhlEaehRoSoSznUxWPtoVBpoYbqaoFq','男','Student',NULL),(221300326,NULL,NULL,'848681310',NULL,NULL,NULL,'张博鑫',NULL,'123456','15980130837','HIgWVksqwtcmDXjvmqPnmmofJGafAykw','男','Student',NULL),(221300327,NULL,NULL,'715505900',NULL,NULL,NULL,'张迪涵',NULL,'123456','15859419839','uXEmKHyljuNGbPZwItuSXyAXndODvVau','男','Student',NULL),(221300328,NULL,NULL,'961537014',NULL,NULL,NULL,'庄宇捷',NULL,'123456','18650486252','QovvQTzVzHBlDYiyJfJvPlVkfIvLRuEb','男','Student',NULL),(221300329,NULL,NULL,'1132569906',NULL,NULL,NULL,'陈凯迪',NULL,'123456','13696858035','nXyDeyUcdtvFZTSvDNYwbNxxsnQahPcx','女','Student',NULL),(221300330,NULL,NULL,'767309356',NULL,NULL,NULL,'陈琳',NULL,'123456','18650323949','BikFRypvBKYFASPLcsVfeVIyOUgWlORX','女','Student',NULL),(221300331,NULL,NULL,'2913995973',NULL,NULL,NULL,'陈月能',NULL,'123456','18649821382','moASZxiyRmKAjOXxvJfKpqkHzUTRtOpe','女','Student',NULL),(221300332,NULL,NULL,'448300947',NULL,NULL,NULL,'江佳扬',NULL,'123456','18859198216','jNgAtGMZcPLSuVMWqPVFmnDPGmosWyzh','女','Student',NULL),(221300333,NULL,NULL,'493339298',NULL,NULL,NULL,'姜玥',NULL,'123456','18650325040','kqUrYdoAhqIgMTFwLWFleLWIdVDbsOJm','女','Student',NULL),(221300334,NULL,NULL,'410015572',NULL,NULL,NULL,'李成云',NULL,'123456','18659360506','epVeXihkvkxByidXwozCvStsmKsOQqTU','女','Student',NULL),(221300335,NULL,NULL,'314390854',NULL,NULL,NULL,'刘琦',NULL,'123456','18850149578','MmhnRERkzuRDZKarJktVVsaLktmTcJcj','女','Student',NULL),(221300336,NULL,NULL,'1060804793',NULL,NULL,NULL,'缪媛',NULL,'123456','18850149607','pURiltmtzmKZRDAczFkSQPTRicrfHlOK','女','Student',NULL),(221300337,NULL,NULL,'809112478',NULL,NULL,NULL,'颜芳芳',NULL,'123456','13666901770','gVqPITLmyLAyDZsvPpDuMGEFQHUFphqG','女','Student',NULL),(221300338,NULL,NULL,'179828816',NULL,NULL,NULL,'朱丽叶',NULL,'123456','18650309429','hwlWsWUCSqvHqJsbBFixcTbJczMIzHuF','女','Student',NULL),(221300401,NULL,NULL,'18649756132',NULL,NULL,NULL,'陈杰军',NULL,'123456','61561310','wkyiTbPDyQwDRluNssDOwuDzOtWjiaiV','男','Student',NULL),(221300402,NULL,NULL,'18650499385',NULL,NULL,NULL,'陈炜多',NULL,'123456','624998851','hcnDtUOXyZHPbVuewrMToHwZSJayWveE','男','Student',NULL),(221300403,NULL,NULL,'15659438492',NULL,NULL,NULL,'陈雨寒',NULL,'123456','781988379','aAMSCKXjMIOJqMzfiZYmiBFMNEqzNory','男','Student',NULL),(221300404,NULL,NULL,'15880434056',NULL,NULL,NULL,'付昊',NULL,'123456','1543512653','CFUKjhAvvrncDsrrBmcyFdYmYtpxsMje','男','Student',NULL),(221300405,NULL,NULL,'15659430596',NULL,NULL,NULL,'韩磊',NULL,'123456','2209132634','EDkmHTobZifmDbczKWCZzeFiueKDhtQB','男','Student',NULL),(221300406,NULL,NULL,'18850145880',NULL,NULL,NULL,'洪东东',NULL,'123456','525337003','kDKMlKiyfBuimlvYjGAVrbFNEsVfGARc','男','Student',NULL),(221300407,NULL,NULL,'15305901154',NULL,NULL,NULL,'黄盛伟',NULL,'123456','1028374895','BgrQHotyyvWmygdzzdrQlwNMNCBvnmKP','男','Student',NULL),(221300408,NULL,NULL,'18850149414',NULL,NULL,NULL,'孔辉',NULL,'123456','1203109116','dBnTXNLpBrsTbeNSeeWdXxhqjdSkuhjX','男','Student',NULL),(221300409,NULL,NULL,'15659430320',NULL,NULL,NULL,'李宝强',NULL,'123456','1252838941','OsthLtxoLZcWgSZLxnGdDRTCXERsgZNr','男','Student',NULL),(221300410,NULL,NULL,'18649735773',NULL,NULL,NULL,'李瑶池',NULL,'123456','398084102','iLiUWTJTPCoeIhHMUzxZyQLjAFRmYxaV','男','Student',NULL),(221300411,NULL,NULL,'13115904288',NULL,NULL,NULL,'林维斌',NULL,'123456','1028894219','LdQiIgmiOIViNPZguhveujUwCJtKAYLj','男','Student',NULL),(221300412,NULL,NULL,'18649756548',NULL,NULL,NULL,'林熠贤',NULL,'123456','1033813650','qSlCmoueAkGnXiEqAJteTwwKWFMPWmcA','男','Student',NULL),(221300413,NULL,NULL,'15160029047',NULL,NULL,NULL,'刘振强',NULL,'123456','1119633554','VoucOOTLFXFeBghuDHJKoyGvxdYOstfs','男','Student',NULL),(221300414,NULL,NULL,'18649735337',NULL,NULL,NULL,'罗炳钦',NULL,'123456','421695148','iHZGnbQlzIjbNPuxAwemPvBqkWgvkbJW','男','Student',NULL),(221300415,NULL,NULL,'18649735308',NULL,NULL,NULL,'罗炜',NULL,'123456','625122054','pXGCfnrIAYtNUQBdcitHPpeTLUuEQSvg','男','Student',NULL),(221300416,NULL,NULL,'18650325479',NULL,NULL,NULL,'饶观亮',NULL,'123456','903418053','joHNGpazPJwbOogDnBIaxhmafMtlSrQc','男','Student',NULL),(221300417,NULL,NULL,'18649735338',NULL,NULL,NULL,'王睿炫',NULL,'123456','1223750778','JwVQoUlTnpcCXdNRlOZrOFbWxnONZmBh','男','Student',NULL),(221300418,NULL,NULL,'18650467518',NULL,NULL,NULL,'吴浩文',NULL,'123456','423860784','bJiiGINFQtBWBaNuZkqgvZKhlqGCmeLU','男','Student',NULL),(221300419,NULL,NULL,'15659430043',NULL,NULL,NULL,'吴磊火',NULL,'123456','1032310027','wRWRxeAMbhRaemTuAhdNCHjbknUXuHDX','男','Student',NULL),(221300420,NULL,NULL,'18650473373',NULL,NULL,NULL,'吴伟鑫',NULL,'123456','813936720','rvbVZThjMjJaRwNFBAzYLzcTEOEOqofi','男','Student',NULL),(221300421,NULL,NULL,'18649751431',NULL,NULL,NULL,'徐荡',NULL,'123456','85262934','YWpjtbEJNLeRNkRMlyiGduOUSsUMtFGC','男','Student',NULL),(221300422,NULL,NULL,'18649735202',NULL,NULL,NULL,'姚晓威',NULL,'123456','953106541','aATTwRgBKbBarWKYeAefahRpmdDXAsgT','男','Student',NULL),(221300423,NULL,NULL,'15659430087',NULL,NULL,NULL,'叶东阳',NULL,'123456','1067394918','cnQozuFyDiCCOxotrXZwapFnJMQAqgEy','男','Student',NULL),(221300424,NULL,NULL,'15659430182',NULL,NULL,NULL,'余同欢',NULL,'123456','506620248','tNDNijRSjQDtclWepRIzLKhiQseTYJbt','男','Student',NULL),(221300425,NULL,NULL,'15659430112',NULL,NULL,NULL,'余伟波',NULL,'123456','392123591','ZRQuTkxVSOKzlppTxnNCjwKiqjanZcrJ','男','Student',NULL),(221300426,NULL,NULL,'18649755826',NULL,NULL,NULL,'张毓东',NULL,'123456','76955316','OjbeEXDjXgtlkjLDIzLygWLDNLSEYLVv','男','Student',NULL),(221300427,NULL,NULL,'15159073320',NULL,NULL,NULL,'周靖雄',NULL,'123456','379235203','bpiHuvsIwzxxynWIBjflARpxOwMnaPZG','男','Student',NULL),(221300428,NULL,NULL,'15280055976',NULL,NULL,NULL,'庄家豪',NULL,'123456','1363654407','DXcfCdoXTJEaETfaJRsyLsXhuyJSqsnM','男','Student',NULL),(221300429,NULL,NULL,'18965298598',NULL,NULL,NULL,'高若琦',NULL,'123456','506956861','ShGFonEnksfWzRsVemnpJmIttNHZxChc','女','Student',NULL),(221300430,NULL,NULL,'18649755921',NULL,NULL,NULL,'洪晓皇',NULL,'123456','595653426','QDEUtetXiHkkPfGuEXaNJsMtUBJygMan','女','Student',NULL),(221300431,NULL,NULL,'18649756101',NULL,NULL,NULL,'黄嘉雯',NULL,'123456','931751692','DwUDWwErlewZuLIJKRpEzMwIqXiqMWNQ','女','Student',NULL),(221300432,NULL,NULL,'13960785693',NULL,NULL,NULL,'黄乐涵',NULL,'123456','513801446','RNTlRhMPKdGNYhfNkfHPAkiDFXfcWenl','女','Student',NULL),(221300433,NULL,NULL,'18659125442',NULL,NULL,NULL,'李卓芳',NULL,'123456','2416435494','kLOTnOHKZEZdNVXNlfbkeJIsyBGjNDjD','女','Student',NULL),(221300434,NULL,NULL,'18450051272',NULL,NULL,NULL,'林丽萍',NULL,'123456','1563828531','UXvlTplLxzGZVCqttRJEWgiWJsdbUjxl','女','Student',NULL),(221300435,NULL,NULL,'18650794756',NULL,NULL,NULL,'林梅琴',NULL,'123456','879319357','eSGTahCaDQnNZQWISmThsvvvNUHyfJYr','女','Student',NULL),(221300436,NULL,NULL,'18650461469',NULL,NULL,NULL,'王祎',NULL,'123456','593195756','kIrpbBzoEBGxNfykjanlNQsOIJmlYOIp','女','Student',NULL),(221300437,NULL,NULL,'18650470310',NULL,NULL,NULL,'杨金奇',NULL,'123456','422136848','xiHhFduPVGabxemKCCZaMmOUCpxzHNbs','女','Student',NULL),(221300438,NULL,NULL,'18650497796',NULL,NULL,NULL,'杨秋燕',NULL,'123456','642728454','DXAfzgwqltwEepruMvbGqhdGRlryfoUe','女','Student',NULL),(221300439,NULL,NULL,'18650764340',NULL,NULL,NULL,'叶泽韬',NULL,'123456','1226379018','JxwVqRtOifrzbGCGVoqdfxJKHHgSZFXc','女','Student',NULL);
/*!40000 ALTER TABLE `UserCount` ENABLE KEYS */;
UNLOCK TABLES;

--
-- Dumping data for table `User_User`
--

LOCK TABLES `User_User` WRITE;
/*!40000 ALTER TABLE `User_User` DISABLE KEYS */;
/*!40000 ALTER TABLE `User_User` ENABLE KEYS */;
UNLOCK TABLES;

--
-- Dumping data for table `User_UserCount`
--

LOCK TABLES `User_UserCount` WRITE;
/*!40000 ALTER TABLE `User_UserCount` DISABLE KEYS */;
INSERT INTO `User_UserCount` VALUES (221300201,221300202);
/*!40000 ALTER TABLE `User_UserCount` ENABLE KEYS */;
UNLOCK TABLES;

--
-- Dumping data for table `downloadrecord`
--

LOCK TABLES `downloadrecord` WRITE;
/*!40000 ALTER TABLE `downloadrecord` DISABLE KEYS */;
/*!40000 ALTER TABLE `downloadrecord` ENABLE KEYS */;
UNLOCK TABLES;

--
-- Dumping data for table `evaluation`
--

LOCK TABLES `evaluation` WRITE;
/*!40000 ALTER TABLE `evaluation` DISABLE KEYS */;
/*!40000 ALTER TABLE `evaluation` ENABLE KEYS */;
UNLOCK TABLES;

--
-- Dumping data for table `image`
--

LOCK TABLES `image` WRITE;
/*!40000 ALTER TABLE `image` DISABLE KEYS */;
/*!40000 ALTER TABLE `image` ENABLE KEYS */;
UNLOCK TABLES;

--
-- Dumping data for table `post`
--

LOCK TABLES `post` WRITE;
/*!40000 ALTER TABLE `post` DISABLE KEYS */;
INSERT INTO `post` VALUES (1,'厉害','2016-06-06 20:18:50',0,NULL,1,221300201),(2,'厉害','2016-06-06 20:21:10',0,NULL,1,221300201),(3,'厉害','2016-06-06 20:24:32',0,NULL,1,221300201),(4,'<p>&nbsp; &nbsp; &nbsp; &nbsp; &nbsp; &nbsp;这里写你的初始化内容\r\n &nbsp; &nbsp; &nbsp; &nbsp;</p>','2016-06-15 16:36:15',0,NULL,7,NULL),(5,NULL,'2016-06-17 20:22:05',0,NULL,1,221300201);
/*!40000 ALTER TABLE `post` ENABLE KEYS */;
UNLOCK TABLES;

--
-- Dumping data for table `post_image`
--

LOCK TABLES `post_image` WRITE;
/*!40000 ALTER TABLE `post_image` DISABLE KEYS */;
/*!40000 ALTER TABLE `post_image` ENABLE KEYS */;
UNLOCK TABLES;

--
-- Dumping data for table `post_post`
--

LOCK TABLES `post_post` WRITE;
/*!40000 ALTER TABLE `post_post` DISABLE KEYS */;
/*!40000 ALTER TABLE `post_post` ENABLE KEYS */;
UNLOCK TABLES;

--
-- Dumping data for table `schoolAssignment`
--

LOCK TABLES `schoolAssignment` WRITE;
/*!40000 ALTER TABLE `schoolAssignment` DISABLE KEYS */;
/*!40000 ALTER TABLE `schoolAssignment` ENABLE KEYS */;
UNLOCK TABLES;

--
-- Dumping data for table `student`
--

LOCK TABLES `student` WRITE;
/*!40000 ALTER TABLE `student` DISABLE KEYS */;
/*!40000 ALTER TABLE `student` ENABLE KEYS */;
UNLOCK TABLES;

--
-- Dumping data for table `student_evaluation`
--

LOCK TABLES `student_evaluation` WRITE;
/*!40000 ALTER TABLE `student_evaluation` DISABLE KEYS */;
/*!40000 ALTER TABLE `student_evaluation` ENABLE KEYS */;
UNLOCK TABLES;

--
-- Dumping data for table `teacher`
--

LOCK TABLES `teacher` WRITE;
/*!40000 ALTER TABLE `teacher` DISABLE KEYS */;
/*!40000 ALTER TABLE `teacher` ENABLE KEYS */;
UNLOCK TABLES;

--
-- Dumping data for table `uploadFile`
--

LOCK TABLES `uploadFile` WRITE;
/*!40000 ALTER TABLE `uploadFile` DISABLE KEYS */;
INSERT INTO `uploadFile` VALUES (4,'2016-06-18 21:05:46.202',221300201,'<a style=\"font-size:12px; color:#0066cc;\" href=\"/ueditor/jsp/upload/file/20160618/1466255143029098851.doc\" title=\"221300201_蔡宏锋_第2次.doc\">221300201_蔡宏锋_第2次.doc</a>'),(5,'2016-06-18 21:11:15.621',221300201,'<a style=\"font-size:12px; color:#0066cc;\" href=\"/ueditor/jsp/upload/file/20160618/1466255466110015563.doc\" title=\"221300201_蔡宏锋_第2次.doc\">221300201_蔡宏锋_第2次.doc</a>');
/*!40000 ALTER TABLE `uploadFile` ENABLE KEYS */;
UNLOCK TABLES;

--
-- Dumping data for table `uploadingRecord`
--

LOCK TABLES `uploadingRecord` WRITE;
/*!40000 ALTER TABLE `uploadingRecord` DISABLE KEYS */;
/*!40000 ALTER TABLE `uploadingRecord` ENABLE KEYS */;
UNLOCK TABLES;
/*!40103 SET TIME_ZONE=@OLD_TIME_ZONE */;

/*!40101 SET SQL_MODE=@OLD_SQL_MODE */;
/*!40014 SET FOREIGN_KEY_CHECKS=@OLD_FOREIGN_KEY_CHECKS */;
/*!40014 SET UNIQUE_CHECKS=@OLD_UNIQUE_CHECKS */;
/*!40101 SET CHARACTER_SET_CLIENT=@OLD_CHARACTER_SET_CLIENT */;
/*!40101 SET CHARACTER_SET_RESULTS=@OLD_CHARACTER_SET_RESULTS */;
/*!40101 SET COLLATION_CONNECTION=@OLD_COLLATION_CONNECTION */;
/*!40111 SET SQL_NOTES=@OLD_SQL_NOTES */;

-- Dump completed on 2016-06-22 23:11:08
